RegionID,RegionName,SizeRank,2008-03,2008-04,2008-05,2008-06,2008-07,2008-08,2008-09,2008-10,2008-11,2008-12,2009-01,2009-02,2009-03,2009-04,2009-05,2009-06,2009-07,2009-08,2009-09,2009-10,2009-11,2009-12,2010-01,2010-02,2010-03,2010-04,2010-05,2010-06,2010-07,2010-08,2010-09,2010-10,2010-11,2010-12,2011-01,2011-02,2011-03,2011-04,2011-05,2011-06,2011-07,2011-08,2011-09,2011-10,2011-11,2011-12,2012-01,2012-02,2012-03,2012-04,2012-05,2012-06,2012-07,2012-08,2012-09,2012-10,2012-11,2012-12,2013-01,2013-02,2013-03,2013-04,2013-05,2013-06,2013-07,2013-08,2013-09,2013-10,2013-11,2013-12,2014-01,2014-02,2014-03,2014-04,2014-05,2014-06,2014-07,2014-08,2014-09,2014-10,2014-11,2014-12,2015-01,2015-02,2015-03,2015-04,2015-05,2015-06,2015-07,2015-08,2015-09,2015-10,2015-11,2015-12,2016-01,2016-02,2016-03,2016-04,2016-05,2016-06,2016-07,2016-08,2016-09,2016-10,2016-11,2016-12,2017-01,2017-02,2017-03,2017-04,2017-05,2017-06,2017-07,2017-08,2017-09,2017-10,2017-11,2017-12,2018-01,2018-02,2018-03,2018-04,2018-05,2018-06,2018-07,2018-08,2018-09,2018-10,2018-11,2018-12,2019-01,2019-02,2019-03,2019-04,2019-05,2019-06,2019-07,2019-08,2019-09,2019-10,2019-11,2019-12,2020-01,2020-02,2020-03
9,California,1,25344,25797,26226,27761,29858,31160,33834,35621,36115,36873,38084,40658,40041,37838,35411,35057,35886,35617,36153,36234,37660,38689,38841,39419,38479,37251,35936,35026,33530,31722,30973,30844,32106,33636,36591,38054,38088,36118,33967,32580,31830,32594,32913,33109,33674,34839,37699,39925,40294,38608,36961,35693,35550,35782,35051,36036,36634,39206,40800,41656,40985,39519,38433,37051,37354,37100,37375,36717,35990,36134,36721,37291,36610,35924,35071,35000,34892,34570,35198,35449,35076,35455,35577,37048,37289,37843,37750,38475,39148,38992,38985,37750,36838,37159,37876,39814,39250,38732,37941,38246,37866,38454,38663,39239,40361,40501,42034,41362,41774,39753,39845,40149,40499,40850,40095,40558,40408,39643,40369,40193,40779,39608,39222,38560,38406,37861,36090,35745,35044,34818,34982,35991,37162,37053,37110,36672,37194,36519,37050,37179,37208,37459,37518,37286,
54,Texas,2,28093,26830,25114,25053,24751,24318,23436,22690,21522,21318,21138,22353,22526,21982,20788,21081,22031,22613,22665,22584,24524,24902,24303,22945,23126,24338,24491,24391,22182,20710,19137,19154,20107,20738,22387,22108,22492,21639,21640,21396,21008,21621,21434,21491,21411,21755,23430,24352,24816,23994,23781,23946,24574,24717,24282,24808,25370,26185,27482,28117,28584,28973,29050,29312,29060,29512,29900,29315,28653,28442,29058,29218,29124,28788,28871,29465,29988,29255,30031,30202,30879,30845,30784,31028,31000,30499,30375,30724,31705,32069,32093,31617,31126,31318,31909,33835,33778,33238,31971,32066,31827,32836,32715,32772,32989,33055,34668,34688,35283,33720,33607,33369,33491,32790,31935,32557,33906,34535,36322,36457,36488,35439,35376,35704,35437,35195,34125,33966,33662,33528,33530,33251,33539,33361,33339,32631,32392,31745,31723,31305,31241,31951,32508,33197,
43,New York,3,,,,,,,,,,,,,,,,,,,,,,,,,,,,,,,,,,9111,9364,9643,10459,11011,10737,10457,10110,10143,9950,9708,9671,9656,10169,10507,11066,11278,11431,11411,11186,11021,10671,10533,10562,10670,11388,11902,12302,12173,12396,12333,12657,12759,13437,13511,13310,13187,13117,13031,12837,12835,12994,12928,12966,12836,12979,13202,13127,13510,13139,13807,13899,14349,13796,13856,14331,14783,15113,14763,14937,14876,14825,15458,16402,17022,16445,15779,15465,15922,16007,15866,15914,15784,16497,17033,17657,17660,17436,17298,16686,16836,16284,16592,16350,16390,16769,17026,17081,16836,16363,16324,16213,16285,15819,16154,16034,15925,15320,14867,15041,15365,15526,15343,15324,15368,15671,15503,15705,15863,16380,17328,14819
14,Florida,4,18451,17930,17655,18100,18512,18192,18527,18630,18660,18753,19301,20633,21148,20941,20809,21619,22943,23734,24601,25450,27104,27981,28315,27768,27811,27556,27261,26918,26084,25519,24855,24756,25546,26497,29087,30587,31524,30445,29342,28047,26842,26989,26883,26810,27125,27419,29058,29827,30303,30045,29634,29081,28778,28715,28837,30367,32092,33816,35354,35712,35754,35234,35224,35176,35291,35218,35667,35626,35657,36033,36609,37017,36584,36177,36070,36371,36542,36310,37229,38183,39038,40179,39849,40914,40685,41331,40233,40601,40843,40740,40730,39944,40188,39697,39504,40235,39784,39540,38632,38924,38560,38886,38435,38145,38730,38864,40185,39905,40922,40055,40778,40674,41082,40880,37514,37523,37171,39709,41029,41397,42103,42010,42600,42713,42545,42598,41815,41821,41771,41195,40859,39274,39689,39879,40770,39529,39548,38980,40412,40109,40749,42044,42899,42431,
21,Illinois,5,15515,14687,13300,12844,12882,12785,13177,12905,12377,11654,11297,11859,12020,11909,11210,11074,11548,11873,12453,12824,14274,14973,14893,14529,14227,14420,14034,13854,12878,11836,10814,10296,10669,11058,12194,12618,12866,12027,11503,11244,11155,11466,11427,11557,11779,12243,13616,14702,14989,14253,13513,13387,13327,13467,12959,13115,12925,13273,14741,15511,15714,14839,14244,14037,14549,14984,15639,15722,16128,16464,17096,17374,16925,16132,15468,15773,15819,15419,16050,16555,16833,16868,16459,17315,17163,17264,16664,16891,17645,18674,19361,19285,18655,18283,18360,20251,20603,20676,19625,19796,19752,19931,19506,18861,18418,18404,19649,20490,21390,20595,20405,20032,20075,20004,19315,19078,19041,18970,19623,19411,19729,19640,19836,20089,19577,18651,17371,17051,17187,17261,16505,16509,16458,17237,17257,17264,17371,16908,16964,16632,16441,16827,17164,18020,16023
47,Pennsylvania,6,13123,12830,11821,11561,11408,11206,11171,10885,10494,9980,9415,9660,9680,9913,9494,9686,10152,10626,10976,11070,11991,12148,11334,10316,10260,11165,11495,11875,11264,10356,9203,8777,9090,9287,9731,10364,10633,10461,9860,9715,9646,9951,9780,9733,9563,9651,10214,10981,11177,11053,10636,10515,10640,10701,10329,10327,10531,11214,11785,12271,12288,12284,11993,12058,12215,12287,12561,12313,12077,11947,11984,12257,12159,12047,11765,12115,12307,12468,12525,12705,12672,12950,12869,13627,13732,13879,13271,13309,14055,14341,14601,14278,14202,14164,14219,15524,15708,15690,14907,15074,14994,15185,14956,14766,14805,14948,15862,16508,17049,16436,16111,15790,15772,15664,15353,15715,16022,16069,16765,16964,17079,16751,16397,16602,16416,16503,16111,16078,16050,16060,16007,16190,16469,16770,16712,16419,16315,15959,16114,15942,16037,16305,16841,17721,
44,Ohio,7,13732,13192,12106,12009,11728,11442,11415,11398,10999,10757,10430,11125,10962,10880,10041,10043,10160,10507,10765,11138,11713,11940,11604,11366,11306,11769,11981,12105,10880,9761,8962,9020,9277,9552,10401,11068,11361,11072,10645,10240,9928,10090,10195,10220,10060,10230,11165,12247,12520,12116,11446,11136,10844,10832,10632,11044,11090,11608,12539,13524,13733,13348,13003,13166,13280,13344,13242,13136,12909,12916,13000,13227,12916,12539,12273,12664,13080,12837,13030,13130,13158,13516,13773,14897,14890,14890,14436,14694,14943,14991,14934,14668,14156,14006,14467,16009,16198,16096,15495,15782,15425,15495,15536,15602,15501,15584,16377,17047,17314,16835,16713,16620,16425,16452,16278,16794,16762,16818,17251,17337,17460,17231,17130,17068,16851,16977,16598,16839,16752,17081,17370,18115,18203,18309,18083,17906,17692,17403,17951,18362,18483,18928,19786,21147,
30,Michigan,8,13375,13490,12653,12250,11793,11323,11396,11388,11360,11558,11827,12869,13413,13884,13379,12701,12393,12144,12342,11921,12602,13407,13909,14361,14484,15103,14409,13769,12221,11248,10497,10440,11301,11910,12879,13419,13959,13865,12998,12093,11496,11841,11898,11708,12848,13220,14251,14492,15284,15424,14549,13825,13436,13316,13153,13704,16295,17050,17823,16570,16797,16421,15559,15007,14738,14574,14879,14883,16675,16734,16697,15088,14501,14158,13513,13479,13705,13676,14003,14178,15879,16681,16428,15311,14742,15086,14611,15028,15063,15532,15280,15273,16053,16181,16263,16310,16595,16642,16121,15971,15870,16010,16366,15654,14995,14714,15965,16891,17397,16514,16501,16368,16816,16907,16397,16386,15926,15922,16278,16242,16253,16114,16542,16606,16795,16803,16554,16224,15630,15426,15078,15654,15851,16155,15902,15718,16023,15902,16217,15963,15668,15644,16161,16327,
16,Georgia,9,13847,12505,11667,11454,11399,11279,11724,11771,11248,10858,10612,10650,10194,9432,9096,9119,9626,10005,10282,10211,10637,11062,10996,10520,9990,10128,10252,10337,9761,9304,9886,11204,12634,12316,11821,10884,10701,10074,10059,10069,10724,11606,12447,12524,12373,12116,14364,15330,15722,13991,13465,13525,13489,13657,13502,13996,14298,14455,15924,16200,16382,14968,14631,14388,14247,14084,14166,14089,14068,13991,15451,15600,15690,14169,14285,14367,14469,14374,14674,14838,14508,14580,15826,16416,16361,15840,15570,15815,15431,15416,15472,14976,14314,14422,15527,17003,17230,16956,16881,17368,17888,18928,19820,19930,19737,19629,19601,18624,17910,17261,18136,18069,18123,17735,17519,17687,17732,18221,18876,18958,18685,18556,18853,19028,18882,19121,18777,18705,18320,18079,18621,18547,18940,18706,19003,18672,18837,18523,19104,19042,19041,19259,19926,20300,
36,North Carolina,10,11229,10775,9915,9769,9601,9265,9003,8568,7874,7497,7307,7908,7947,7824,7375,7528,7987,8133,8329,8424,8977,9010,8676,8419,8444,8935,8975,9041,8205,7593,7064,7034,7196,7565,8035,8319,8279,8107,7840,7633,7375,7513,7473,7406,7290,7386,7979,8683,8861,8685,8328,8361,8326,8393,8215,8525,8792,9358,10047,10497,10610,10614,10701,10717,10687,10612,10604,10481,10364,10574,10990,11190,10997,10639,10555,10740,10999,11051,11146,11257,11112,11512,11641,12116,12134,11742,11265,11400,12197,12617,12652,12309,11904,11816,12043,13251,13544,13747,13599,14056,14036,14278,14214,14213,14695,14886,15846,15806,16272,15685,15470,15318,15207,15445,15389,15895,15960,15768,15978,16079,16189,16018,15914,16039,15855,15966,14959,14980,14733,15045,15283,15712,16270,16104,15963,15805,16023,16068,16272,16629,16613,16929,17291,17878,
40,New Jersey,11,7827,7790,7585,7402,7353,7312,7234,6793,6505,6219,5805,5697,5656,5798,5649,5641,5962,6409,6894,7058,7657,7970,7723,6998,6754,7010,7151,7327,7261,6908,6063,5483,5638,5749,6113,6350,6684,6572,6308,5999,5882,5947,5935,5898,5775,5848,6023,6350,6479,6571,6647,6532,6626,6548,6481,6463,6413,6869,7433,7866,7953,7965,8099,8059,8235,8262,8447,8322,8218,8181,8102,7879,7841,7750,7971,7923,8156,8126,8250,8165,8156,8572,8518,8831,8716,8942,8951,9174,9632,10167,10278,10176,10023,10158,10313,11069,11330,11410,10819,10866,10735,10884,10826,10948,11041,11132,12245,12902,13877,13219,12853,12216,12007,12320,12444,13060,13390,13385,13603,13949,14320,14721,14382,14192,13528,13389,12835,13014,13226,13393,13248,12804,13281,13230,13337,12762,12458,12093,12074,12318,12795,13407,13792,14365,
56,Virginia,12,7881,7745,7164,7137,7138,7250,7413,7392,7109,6785,6835,7354,7428,7063,6475,6617,6957,7208,7293,7382,8080,7945,7954,7416,7487,7424,7337,7327,6702,6336,5969,6027,6354,6524,7235,7446,7569,7091,6650,6500,6306,6389,6341,6338,6430,6525,7240,7791,7941,7560,7155,7131,7063,7054,6798,6919,7238,7465,8295,8553,8778,8274,8072,8234,8282,8207,8024,7858,7749,7716,7888,8081,7947,7848,7646,7971,8120,8199,8374,8481,8539,8601,8815,9144,9314,9152,8922,9006,9278,9410,9436,9380,9373,9566,9822,10743,10646,10603,10222,10568,10432,10608,10494,10516,10560,10579,11431,11665,11797,11190,10934,11024,10773,10709,10319,10654,10740,10821,11118,11241,11412,11155,11056,11123,11139,11066,10480,10465,10550,10681,11239,11586,11972,11676,11606,11724,11779,11621,11663,11813,11986,12023,12463,12740,
59,Washington,13,7075,6704,5955,5678,5446,5217,5202,5093,4662,4258,4268,4717,4845,4646,4430,4676,5127,5385,5533,5777,6372,6476,6434,6357,6617,6703,6437,6123,5321,4808,4405,4554,4777,5294,5982,6376,6384,5975,5637,5465,5375,5561,5561,5714,5876,6135,6630,7091,7153,6868,6457,6286,6214,6287,6216,6477,6709,7225,7849,8224,8404,8188,8100,7935,8128,8187,8251,8017,7806,7917,8402,8758,8606,8159,7876,8041,8168,8182,8272,8488,8498,8736,8934,9665,9820,9956,9611,9809,9900,9907,9853,9608,9378,9539,9786,10448,10474,10364,10295,10344,10358,10588,10685,10769,10906,10858,11576,11514,11436,10397,10335,10646,11009,11198,11019,11268,11388,11163,11380,11290,11299,10743,10493,10632,10784,10657,10081,9925,9918,9990,10497,11169,11176,10531,9755,9886,10159,10244,10294,10292,10197,10206,9794,9203,
26,Massachusetts,14,6756,6809,5541,5185,4926,4817,4805,4822,4644,4482,4360,5356,5747,5782,4778,4362,4550,4708,4963,5092,5760,5796,5653,6100,6652,7130,6267,5907,4988,4464,4028,4120,4385,4661,5066,6354,6794,6865,5466,4803,4343,4389,4210,4163,4368,4338,4315,4422,5044,5217,4624,4389,4465,4988,4319,4296,4586,5333,5650,6197,6390,6448,5828,5691,5781,5787,5785,5582,5566,5535,5596,6022,6075,6051,5499,5525,5596,5570,5471,5385,5335,5394,5394,6098,6051,5897,5200,5510,6192,6473,6543,6233,6161,6160,6388,7379,7519,7420,6516,6549,5769,5929,5859,6461,6118,6077,6558,7699,8030,7624,6785,6617,6607,6640,6420,6492,6877,6822,7101,7343,7541,7316,6622,6605,6584,6694,6410,6357,6701,6683,6837,7511,7923,7961,6987,6700,6579,6477,6442,6471,6672,6884,7170,8002,
22,Indiana,15,7773,7159,6396,6522,6659,6704,6817,6788,6572,6438,6044,6305,6112,6143,5785,5941,6234,6462,6555,6598,7057,7541,7281,7008,6614,6896,6923,7084,6563,6080,5468,5465,5672,6057,6428,6600,6482,6289,6052,6030,5998,6205,6124,6109,6228,6516,6984,7288,7368,7125,6831,6680,6727,6771,6623,6870,7009,7263,7622,8080,8145,7916,7576,7537,7510,7520,7587,7387,7349,7392,8228,8756,8895,8374,8018,8101,8439,8385,8466,8377,8259,8516,8446,8729,8444,8352,8118,8375,8800,9137,9315,9052,9045,9079,9127,9534,9550,9691,9535,9558,9484,9525,9466,9511,9481,9383,9860,9869,10464,9999,10190,10087,10078,10130,9721,10019,10258,10384,10791,10715,10694,10460,10374,10334,10164,10226,10170,10318,10241,10080,9794,9864,10013,10061,9897,9843,10115,10127,10277,10310,10288,10600,10820,11292,
8,Arizona,16,6771,6722,6907,7190,7556,7571,8014,8103,7941,7908,7989,8622,8940,9296,9692,10288,10856,10739,10648,10605,11162,11461,11181,10819,10617,10877,10866,10720,9934,9501,9255,9518,9990,10771,11560,11893,11882,11800,11834,11741,11459,11576,11363,11394,11425,11684,12988,14016,14549,13947,13327,13046,12998,13246,13199,13529,13867,14503,14972,14928,14718,14403,14391,14120,14046,13673,13625,13256,12989,12857,12970,13184,12997,12743,12413,12453,12294,12443,12645,12810,12493,12661,12749,13178,13073,13214,13141,13513,13814,13797,13598,13236,13019,13168,13287,13680,13659,13688,13756,13827,13818,14055,14206,14255,14458,14503,15007,14774,14865,14369,14659,14668,14657,14421,14264,14603,14812,14753,14896,14893,15102,14957,14922,14760,14698,14538,14147,14061,14070,13860,13606,13244,13562,14026,14663,14638,14589,14312,14600,14635,14610,14629,14402,13753,
53,Tennessee,17,10079,9421,8469,8271,8140,7930,7794,7461,6969,6517,6543,7168,7280,7111,6552,6645,6872,7051,7239,7376,7887,7991,7861,7780,7872,8160,7926,7786,7027,6605,6186,6117,6222,6221,6608,6842,6772,6437,6099,6116,6102,6272,6385,6431,6488,6570,7221,7821,8065,7866,7486,7340,7345,7399,7262,7366,7395,7762,8219,8560,8478,8356,8281,8443,8545,8633,8707,8520,8440,8471,8765,8969,9000,8825,8583,8647,8781,8737,8958,9040,9184,9319,9319,9478,9511,9369,9365,9581,10045,10243,10281,10062,9570,9597,9689,10744,10596,10729,10413,10548,10308,10300,10258,10335,10371,10416,10770,10881,11067,10672,10687,10492,10474,10361,10205,10393,10414,10400,10621,10714,10773,10685,10674,10824,10728,10763,10478,10593,10437,10342,10388,10615,10900,10887,11005,11065,11265,11114,11253,11291,11280,11436,11592,12056,
32,Missouri,18,7081,6672,6292,6226,6179,5980,6063,5994,5751,5554,5455,5831,5852,5713,5353,5416,5675,5838,6010,6192,6667,6737,6406,6067,6003,6228,6266,6185,5557,5003,4628,4742,4976,5223,5662,5847,5690,5357,5148,5208,5015,5144,5144,5289,5313,5396,5920,6278,6319,6021,5807,5713,5701,5699,5630,5798,5816,6210,6867,7230,7161,6602,6395,6279,6381,6418,6580,6408,6131,6096,6299,6636,6451,6189,6008,6241,6357,6357,6391,6478,6280,6397,6500,7094,7130,7123,6956,7139,7346,7265,7407,7190,7035,6986,7407,8363,8406,8415,8079,8275,8046,8014,7962,8069,8111,8125,8668,8944,9122,8767,8761,8696,8592,8555,8433,8627,8662,8825,9384,9566,9601,9071,9161,9216,9241,9110,8976,9068,8917,8679,8803,8889,8897,8550,8469,8407,8592,8625,8969,9181,9055,9321,9229,9115,
27,Maryland,19,7662,7692,7129,6882,6280,5958,5890,6262,6389,6318,5500,5441,5588,6225,6205,6065,5775,6094,6082,6409,6460,6699,6924,6726,6943,6728,7068,6979,6529,6474,6118,6355,5957,5875,5885,5845,6205,6274,6347,5946,5567,5391,5157,5304,5173,5014,5012,5287,5467,5374,5356,5327,5217,5271,4989,5217,5280,5587,5973,6006,6030,5910,5940,6185,6155,6217,6321,6479,6260,6010,5729,5817,5832,5985,5705,5845,5897,6235,6220,6268,6125,6330,6275,6671,6694,6972,6861,7098,7227,7459,7295,7227,6807,7083,6815,7916,8051,8322,7919,7957,8045,7847,7721,7601,7879,8106,8545,9071,9405,9290,8913,8759,8407,8350,8164,8514,8746,8628,8868,8830,8802,8690,8553,8758,8600,8586,8369,8523,8455,8297,8324,8175,8445,8480,8652,8559,8475,8455,8499,8785,8816,9069,9335,10335,
60,Wisconsin,20,7037,6647,5879,5705,5690,5630,5670,5509,5134,4769,4616,5257,5391,5293,4753,4835,5191,5500,5762,5819,6049,6130,6032,6242,6287,6574,6326,6384,5510,4790,4060,4134,4310,4537,5249,6020,6142,5658,4965,4773,4685,4770,4780,4838,4836,5124,5755,6789,6951,6776,6185,6043,5871,5779,5712,5926,5782,6112,6800,7896,7984,7534,6803,6618,6635,6739,6832,6711,6738,6747,7086,7506,7497,7135,6561,6612,6882,6851,6940,7073,6762,6810,6567,7432,7553,7715,7218,7314,7516,7604,7490,7163,6864,6935,7158,8367,8411,8392,7883,8157,8182,8190,7973,7846,7557,7623,8170,8822,8922,8461,8287,8404,8547,8487,8324,8427,8338,8342,8607,9132,9103,8761,8225,8172,8159,8290,8184,8249,7967,7964,7869,8766,8726,8562,7816,7835,8230,8367,8596,8567,8323,8450,8651,9723,
31,Minnesota,21,6527,6350,5399,5219,5111,5082,5399,5556,5393,5222,5100,5905,5976,6028,5290,5038,5260,5548,6033,6124,6491,6721,6490,6782,6599,6762,6154,5840,5299,4685,4234,4004,4212,4573,5314,6271,6628,6457,5672,5130,4837,4989,5160,5346,5380,5671,6285,7522,8043,7911,6738,6070,5752,5856,5936,6274,6404,6797,7406,8318,8374,7904,7125,6820,6858,6996,7337,7362,7160,7085,7245,7829,7661,7214,6538,6482,6636,6818,6810,6766,6497,6814,6793,7679,7764,8228,7806,7917,7823,7775,7590,7356,7041,7144,7526,8769,8908,8776,8092,8098,7990,8032,8045,7889,7729,7648,8117,8782,8925,8598,8265,8391,8499,8407,8199,8199,8168,8015,8158,8465,8639,8526,8113,8133,8231,8284,8088,8207,8238,8065,7723,8144,8255,8247,7771,7914,8203,8377,8417,8488,8352,8393,8519,9187,
10,Colorado,22,8613,7941,7395,7225,7199,7080,7067,7129,6893,6567,6322,6803,6817,6370,5644,5671,5934,6143,6192,6243,6843,6925,7068,6873,7118,7098,6905,6708,6058,5487,5009,5004,5389,5786,6489,6631,6639,6300,6084,5922,5740,5890,5915,6051,6225,6426,6985,7498,7648,7390,7044,6991,7052,7133,7118,7358,7608,7888,8449,8897,9100,8908,8741,8758,8971,8941,8911,8601,8389,8254,8436,8751,8850,8789,8594,8851,9138,9179,9330,9216,9180,9206,9188,9565,9588,9772,9630,9973,10187,10253,10194,9981,9770,9861,10155,10849,10614,10209,9706,9839,9799,10021,9992,10155,10505,10615,11306,11269,11264,10415,10158,10072,10077,10064,9869,10143,10373,10341,10913,11046,11208,10516,10081,10008,9898,9832,9388,9360,9314,9216,9676,10228,10666,10385,9949,9919,10007,9827,9880,9814,9942,10052,10543,11316,10503
4,Alabama,23,4095,3820,3627,3622,3601,3588,3637,3602,3419,3279,3193,3275,3280,3205,3083,3035,3095,3196,3257,3317,3624,3757,3733,3502,3468,3583,3711,3747,3538,3282,3087,3060,3177,3267,3458,3509,3532,3324,3229,3221,3396,3589,3574,3635,3542,3643,3907,4029,4052,3883,3912,3896,3850,3796,3865,4057,4345,4518,4758,4744,4651,4400,4349,4285,4348,4381,4482,4510,4650,4830,4876,4837,4695,4698,4576,4628,4628,4726,4901,4914,4706,4553,4467,4638,4729,4846,4859,4966,5077,5086,5136,5007,5048,5096,5371,5606,5639,5512,5493,5491,5360,5328,5280,5286,5412,5494,6057,6047,6189,5849,5958,5826,5750,5700,5614,5692,5713,5730,5793,5684,5665,5578,5701,5900,6062,6085,5964,5975,5893,5862,5937,6082,6174,6209,6234,6185,6127,6098,6158,6161,6216,6349,6700,6617,
51,South Carolina,24,6580,6335,5938,5849,5721,5594,5627,5431,5136,4993,4849,4969,4809,4627,4434,4435,4621,4809,4936,5057,5480,5809,5686,5552,5285,5486,5281,5374,5062,4912,4576,4583,4750,5080,5191,5326,5237,5177,4957,4845,4709,4721,4655,4753,4812,5060,5324,5636,5572,5541,5326,5240,5164,5311,5330,5618,5801,6079,6223,6231,6151,6140,6232,6297,6429,6516,6747,6791,6770,6817,6740,6568,6368,6210,6182,6255,6308,6342,6466,6566,6621,6738,6872,7150,7316,7358,7194,7151,7290,7249,7286,7060,7071,6926,7072,7597,7789,7837,7739,7899,7912,7900,7941,7906,8081,8025,8414,8369,8630,8408,8447,8485,8583,8743,8546,8688,8844,9053,9302,9235,9190,9136,9246,9359,9234,9228,8822,8940,8852,9043,9009,9105,9243,9357,9417,9297,9325,9203,9298,9213,9142,9199,9398,9413,
25,Louisiana,25,4113,3814,3696,3828,3841,3570,3206,3016,2820,2948,2903,3067,3008,2992,2809,2918,3009,3142,3154,3189,3338,3370,3248,3035,2996,3186,3398,3424,3169,2910,2758,2764,2768,2847,2973,3035,3120,3086,3136,3232,3223,3292,3153,3133,3016,2928,3082,3194,3312,3244,3356,3450,3423,3190,3102,3196,3366,3371,3460,3437,3510,3593,3800,4327,4307,4300,3849,3840,3786,3826,3875,3996,3888,3889,3814,4457,4543,4505,4033,4009,4112,4170,4213,4206,4232,4127,4048,3979,4078,4232,4340,4247,4029,3949,4102,4414,4529,4485,4435,4499,4452,4454,4442,4509,4671,4706,5013,5033,5209,4923,4921,4803,4866,4774,4702,4759,4799,4907,4882,4767,4540,4543,5023,5042,5006,4566,4467,4462,4332,4311,4219,4377,4410,4563,4556,4647,4525,4397,4314,4405,4392,4408,4391,4241,
24,Kentucky,26,4272,4074,3723,3647,3644,3578,3646,3647,3455,3363,3118,3415,3401,3478,3244,3363,3539,3699,3805,3911,4141,4235,4160,4220,4221,4349,4306,4261,3938,3560,3299,3255,3314,3364,3600,3836,3876,3715,3417,3254,3139,3257,3315,3354,3399,3522,3754,3985,4025,3929,3784,3637,3650,3536,3534,3676,3854,4128,4317,4523,4528,4506,4488,4482,4532,4520,4555,4540,4454,4437,4472,4589,4516,4387,4256,4261,4205,4143,4129,4153,4013,4043,3990,4195,4205,4226,4147,4315,4522,4676,4708,4648,4382,4117,4170,4716,5031,5076,4967,5028,4895,4933,4930,5080,5149,5258,5518,5688,5876,5585,5419,5216,5218,5268,5210,5373,5350,5395,5623,5735,5799,5661,5583,5539,5427,5520,5419,5459,5286,5165,5179,5268,5440,5406,5336,5164,5138,5117,5265,5402,5390,5502,5140,5088,
46,Oregon,27,4042,3837,3448,3305,3198,3102,3107,3076,2919,2685,2580,2761,2880,2894,2765,2875,3069,3207,3339,3526,3854,3878,3754,3599,3700,3878,3883,3751,3248,2929,2756,2872,3055,3228,3536,3712,3751,3578,3359,3204,3033,3032,3011,3054,3153,3280,3662,3954,4004,3846,3669,3651,3558,3602,3584,3803,3855,4034,4184,4361,4417,4361,4356,4342,4395,4381,4384,4346,4254,4111,4232,4374,4458,4366,4311,4471,4511,4492,4526,4664,4706,4779,4841,5129,5265,5478,5452,5663,5734,5811,5861,5786,5706,5650,5858,6216,6265,6075,5875,5898,5682,5715,5712,5904,6033,6052,6422,6388,6303,5799,5698,5786,5801,5878,5789,5958,5980,5981,6314,6491,6535,6181,5919,5887,5785,5845,5556,5584,5438,5312,5373,5403,5504,5385,5275,5274,5276,5367,5469,5550,5511,5556,5639,5638,
45,Oklahoma,28,3528,3539,3318,3379,3457,3479,3612,3621,3543,3488,3129,3239,3088,3198,3005,3051,3194,3253,3342,3331,3688,3730,3447,3119,2984,3328,3389,3417,3016,2718,2537,2576,2763,2932,3110,3125,3004,2922,2843,2956,2944,3032,3047,3127,3316,3450,3645,3834,3714,3679,3489,3647,3687,3682,3557,3586,3710,4012,4113,4152,3967,3989,3889,3978,4017,4099,4125,3937,3799,3650,3658,3725,3714,3687,3654,3774,3862,3866,3829,3882,3887,4223,4248,4405,4156,4132,4095,4085,4186,4104,4108,3921,3801,3755,4051,4574,4758,4734,4580,4573,4435,4427,4455,4560,4585,4703,4846,4968,5029,4902,4924,4913,4894,4930,4847,4962,4985,5102,5222,5174,4977,4793,4715,4790,4867,4959,4950,5126,5222,5349,5279,5221,5077,5023,4959,4989,4979,4913,4966,5131,5124,5223,5126,5223,
11,Connecticut,29,2928,2831,2624,2510,2468,2382,2333,2304,2248,2080,1913,1956,2015,2030,1916,1962,2144,2313,2407,2481,2813,2859,2766,2617,2741,2863,2764,2794,2511,2282,1913,1783,1828,1863,2109,2250,2329,2230,2089,2064,1982,1844,1698,1708,1674,1647,1561,1733,1933,1969,1927,1875,2086,2202,2039,2049,2111,2391,2556,2488,2476,2487,2620,2626,2637,2644,2703,2645,2659,2656,2701,2786,2787,2710,2501,2521,2610,2685,2710,2723,2735,2776,2747,3020,3030,3062,2824,2896,3021,3130,3195,3132,3083,3019,3085,3256,3345,3359,3270,3222,2858,2966,2934,3270,3021,3063,3310,3763,3847,3607,3433,3421,3384,3347,3246,3341,3312,3240,3397,3587,3647,3536,3368,3436,3403,3396,3258,3224,3191,3181,3218,3353,3397,3428,3338,3322,3190,3088,3171,3250,3331,3430,3586,3861,
19,Iowa,30,3119,2956,2564,2494,2488,2550,2672,2670,2467,2334,2233,2507,2551,2592,2401,2509,2653,2732,2766,2796,3040,2908,2814,2737,2902,3109,3120,3198,2729,2385,2058,2166,2272,2389,2573,2790,2768,2696,2516,2496,2434,2514,2606,2669,2728,2776,3083,3465,3576,3457,3207,3175,3141,3152,3108,3242,3249,3386,3606,3866,3849,3610,3429,3412,3566,3633,3684,3627,3540,3602,3736,3913,3761,3588,3438,3597,3644,3624,3615,3608,3475,3482,3540,3931,3979,3936,3755,3842,3947,3906,3803,3679,3489,3400,3560,4086,4181,4094,3862,3949,3931,3953,3895,3829,3716,3741,4115,4556,4709,4508,4231,4228,4148,4155,4061,4142,4267,4391,4706,4758,4665,4383,4271,4285,4272,4313,4193,4277,4185,4099,4010,4200,4218,4120,3905,4011,4130,4201,4255,4247,4060,3979,4097,4460,
34,Mississippi,31,1795,1768,1662,1617,1530,1486,1439,1421,1347,1399,1351,1440,1427,1469,1393,1416,1460,1523,1581,1653,1842,1913,1833,1711,1624,1713,1732,1712,1540,1403,1344,1368,1485,1561,1624,1598,1572,1567,1541,1519,1472,1507,1540,1592,1639,1644,1654,1597,1541,1495,1503,1511,1509,1480,1442,1512,1573,1641,1702,1764,1738,1673,1605,1590,1611,1660,1785,1819,1811,1792,1762,1832,1797,1833,1749,1756,1760,1786,1817,1757,1648,1614,1614,1663,1705,1740,1770,1818,1913,1926,1916,1891,1895,1864,1937,2085,2160,2141,2078,2096,2069,2158,2164,2200,2214,2314,2361,2321,2278,2194,2187,2155,2120,2048,1960,1973,1997,2065,2143,2106,2075,2026,2120,2126,2146,2072,2009,1977,2026,2016,2038,1980,2011,2027,2048,2011,1940,1857,1838,1848,1851,1874,1822,1952,
6,Arkansas,32,3040,2939,2717,2648,2608,2574,2549,2507,2353,2263,2172,2370,2395,2448,2279,2334,2351,2404,2439,2503,2677,2700,2523,2382,2346,2580,2626,2644,2356,2221,2097,2172,2229,2317,2412,2402,2372,2311,2248,2216,2173,2275,2289,2275,2266,2271,2347,2430,2398,2316,2202,2230,2300,2361,2280,2306,2303,2364,2527,2596,2665,2557,2553,2505,2550,2589,2660,2650,2554,2576,2606,2676,2636,2626,2581,2600,2640,2604,2686,2629,2647,2655,2642,2697,2670,2661,2683,2726,2832,2827,2896,2905,2879,2917,2993,3301,3320,3328,3248,3286,3193,3203,3149,3178,3236,3276,3466,3468,3556,3441,3406,3414,3430,3462,3416,3473,3548,3552,3706,3699,3714,3652,3652,3682,3622,3636,3484,3502,3458,3491,3466,3519,3568,3648,3629,3575,3506,3403,3462,3492,3496,3524,3510,3593,
23,Kansas,33,2593,2472,2229,2128,2043,2034,2028,1996,1871,1776,1770,1905,1973,1941,1816,1859,1984,2077,2101,2138,2333,2342,2187,2011,2002,2157,2212,2193,1892,1648,1490,1504,1612,1669,1859,1875,1850,1762,1711,1716,1697,1739,1759,1733,1712,1798,1980,2181,2133,2091,1966,1984,1971,2012,1971,1946,2024,2126,2356,2394,2382,2210,2167,2194,2280,2322,2364,2331,2250,2263,2361,2441,2362,2261,2232,2327,2361,2328,2272,2246,2236,2294,2323,2511,2542,2620,2521,2623,2623,2605,2568,2576,2524,2585,2650,2991,3059,3066,2906,2930,2911,3012,2968,2971,2951,2902,3151,3236,3342,3126,3125,3133,3247,3237,3269,3251,3317,3353,3534,3554,3513,3391,3385,3418,3416,3364,3234,3285,3311,3297,3265,3315,3323,3241,3167,3190,3177,3127,3114,3136,3134,3226,3334,3409,
55,Utah,34,3898,3691,3342,3196,3080,3001,3125,3026,2920,2798,2796,2923,2888,2848,2766,2890,3100,3146,3147,3170,3442,3555,3419,3245,3259,3498,3506,3254,2795,2500,2458,2539,2704,2853,3146,3229,3231,3020,2928,2849,2806,2862,2942,3043,3110,3232,3367,3584,3547,3515,3359,3222,3092,3086,3143,3365,3579,3845,3988,3920,3770,3710,3832,3880,3967,3886,3926,3749,3635,3660,3782,3906,3814,3740,3691,3743,3797,3780,3805,3860,3827,3961,3901,4047,4083,4172,4081,4120,4177,4242,4218,4034,3849,3802,4135,4616,4701,4642,4580,4754,4728,4793,4817,4904,4949,4941,5094,5072,5159,4991,5053,5047,5048,5090,5073,5263,5288,5297,5477,5557,5552,5244,5076,5040,5043,5055,4847,4820,4815,4851,4937,4872,4817,4671,4599,4565,4757,4891,5039,5061,5062,5128,5132,4990,
42,Nevada,35,3006,2990,3079,3182,3309,3388,3728,3941,4032,4038,4163,4435,4582,4625,4598,4739,4842,4854,4930,5070,5437,5622,5647,5326,4991,4674,4441,4295,4100,4160,4222,4311,4660,4897,5257,5298,5325,5083,4827,4612,4609,4890,5046,5198,5388,5563,5937,6076,6019,5625,5109,5054,4848,4879,4609,4844,5073,5296,5448,5485,5368,5243,5008,4827,4726,4638,4795,4774,4773,4750,4797,4754,4646,4563,4520,4627,4488,4533,4552,4625,4622,4612,4616,4703,4688,4825,4706,4860,4916,4965,4815,4651,4634,4820,4997,5184,5131,5136,5388,6480,7347,8135,8262,8264,8475,7999,7280,6074,5529,5356,5544,5553,5603,5590,5602,5745,5798,5716,5918,5886,6024,5819,5726,5544,5673,5707,5553,5374,5332,5225,5081,4907,5006,5107,5291,5266,5295,5253,5478,5634,5755,5816,5937,6007,
41,New Mexico,36,1691,1689,1587,1577,1555,1536,1518,1471,1382,1307,1222,1252,1266,1305,1255,1289,1381,1451,1512,1540,1678,1679,1583,1489,1500,1607,1628,1651,1515,1427,1354,1370,1464,1489,1544,1473,1439,1378,1342,1299,1261,1268,1262,1282,1329,1370,1438,1514,1574,1609,1587,1557,1540,1587,1605,1670,1692,1775,1828,1858,1816,1775,1769,1791,1869,1867,1884,1849,1826,1816,1831,1901,1929,1872,1785,1753,1766,1772,1806,1861,1842,1814,1740,1749,1770,1842,1864,1904,1951,1982,2019,1982,1955,1976,1983,2087,2053,2088,2048,2108,2105,2150,2166,2149,2216,2257,2379,2384,2416,2343,2414,2452,2481,2458,2430,2503,2579,2634,2764,2753,2770,2723,2731,2694,2613,2604,2499,2475,2460,2468,2450,2354,2324,2329,2365,2366,2364,2327,2341,2306,2312,2347,2395,2399,
61,West Virginia,37,1063,1069,1069,1038,1084,1053,1057,1014,984,939,890,899,924,950,955,935,1014,1046,1109,1068,1139,1155,1123,1059,1058,1141,1177,1194,1156,1131,1125,1106,1129,1099,1160,1191,1219,1214,1186,1163,1051,946,843,791,785,805,831,883,918,943,936,885,908,911,941,930,965,1000,1061,1090,1091,1083,1070,1043,1061,1077,1136,1136,1120,1128,1158,1169,1139,1103,1058,1041,1063,1078,1027,879,777,711,699,740,784,805,770,805,882,897,882,851,863,858,846,920,932,944,912,949,974,986,1010,992,1033,1016,1058,1045,1086,1084,1111,1116,1132,1132,1151,1194,1226,1253,1326,1334,1351,1309,1350,1327,1300,1263,1218,1205,1183,1199,1204,1239,1264,1338,1362,1352,1348,1300,1334,1310,1353,1399,1422,1463,
38,Nebraska,38,1803,1786,1599,1553,1478,1430,1442,1490,1374,1312,1249,1488,1540,1573,1447,1528,1623,1702,1745,1849,1964,1877,1675,1612,1707,1896,1771,1779,1452,1333,1115,1193,1239,1298,1397,1540,1572,1513,1407,1398,1391,1427,1420,1429,1448,1460,1589,1758,1815,1748,1615,1595,1574,1554,1523,1577,1543,1622,1670,1787,1783,1739,1687,1682,1734,1811,1816,1811,1728,1748,1791,1984,1964,1902,1712,1749,1762,1798,1808,1804,1733,1752,1781,1952,1953,2008,1975,2050,2068,2041,2013,1995,1948,1971,2032,2290,2290,2238,2081,2131,2058,2104,2064,2108,2130,2159,2342,2434,2485,2296,2217,2200,2234,2185,2141,2181,2183,2191,2301,2470,2463,2330,2200,2236,2279,2288,2272,2375,2329,2266,2198,2435,2385,2282,2055,2121,2195,2244,2231,2243,2210,2278,2335,2486,2107
20,Idaho,39,1886,1694,1487,1430,1391,1374,1384,1335,1234,1147,1255,1414,1451,1385,1303,1351,1416,1445,1497,1579,1767,1780,1817,1807,1895,1919,1825,1705,1431,1318,1295,1392,1492,1634,1848,2000,1982,1840,1651,1572,1508,1530,1516,1566,1613,1703,1953,2175,2185,1991,1726,1656,1602,1666,1622,1703,1761,1913,2064,2178,2173,2103,2057,2065,2101,2096,2098,1993,1958,1956,2168,2328,2351,2230,2111,2125,2171,2140,2162,2166,2160,2187,2300,2532,2646,2628,2529,2538,2554,2544,2557,2539,2467,2510,2618,2854,2828,2780,2728,2809,2804,2847,2843,2835,2857,2875,3000,2937,2885,2724,2798,2905,2982,3038,3043,3119,3132,3111,3241,3259,3270,3081,3034,3013,3034,3074,2964,3004,2904,2751,2648,2687,2735,2654,2559,2619,2727,2745,2743,2708,2664,2663,2792,2853,
18,Hawaii,40,1120,1144,1112,1034,944,868,839,804,744,729,662,711,698,720,695,722,809,846,880,909,971,1011,971,929,919,974,1006,1028,968,928,899,921,931,985,981,1055,1030,1043,983,986,979,996,998,987,1158,1168,1165,1048,1023,1034,975,940,943,972,987,1049,1086,1201,1176,1158,1065,1124,1165,1210,1191,1196,1198,1196,1185,1180,1194,1198,1191,1187,1198,1202,1203,1172,1199,1268,1235,1229,1197,1275,1291,1278,1269,1275,1304,1299,1310,1305,1271,1270,1252,1342,1381,1397,1359,1332,1324,1347,1362,1352,1352,1386,1572,1584,1574,1403,1421,1414,1436,1446,1445,1476,1475,1474,1483,1471,1457,1396,1347,1338,1311,1313,1261,1244,1204,1312,1399,1412,1381,1351,1370,1306,1303,1317,1366,1369,1364,1314,1318,1231,
28,Maine,41,,,,,,,,,,,,,,,,,,,,,,,,,,,,,,,,,,,,,,,,,,,,,,,,,,,,,,,,,,,,,,,,,,,,,,,,,,,,,,,,,,,,,,,,,,,,,,,,,,,,,,,,,,,,,,,,1661,1743,1764,1764,1762,1803,1807,1988,2142,2145,1969,1747,1748,1763,1809,1770,1778,1774,1762,1726,1762,1726,1702,1612,1628,1677,1721,1813,1813,1766,1717,1811,1953,1752
39,New Hampshire,42,,,,,,,,,,,,,,,,,,,,,,,,,,,,,,,,,,,,,,,,,,,,,,,,,,,,,,,,,,,,,,,,,,,,,,,,,,,,,,,,,,,,,,,,,,,,,,,,,,,,,,,,,,,,,,,,1806,1850,1872,1806,1824,1868,1860,1991,2081,2133,2025,1875,1854,1846,1883,1862,1819,1822,1788,1859,2032,2064,2026,1828,1810,1816,1789,1827,1849,1911,1871,1923,2025,1833
50,Rhode Island,43,,,,,,,,,,,,,,,,,,,,,,,,,,,,,,,,,,,,,,,,,,,,,,,,,,,,,,,,,,,,,,,,,,,,,,,,,,,,,,,,,,,,,,,,,,,,,,,,,,,,,,,,,,,,,,,,1251,1215,1214,1170,1217,1226,1242,1297,1358,1361,1280,1208,1223,1247,1274,1223,1191,1203,1143,1162,1146,1221,1221,1241,1243,1277,1238,1233,1212,1225,1244,1292,1392,1278
35,Montana,44,943,901,777,722,684,673,659,641,559,526,523,645,691,683,614,616,663,654,663,677,744,746,736,753,796,834,812,740,640,557,543,566,609,666,728,807,795,748,653,623,592,629,659,679,675,684,770,898,940,912,811,776,764,764,767,784,829,859,966,1052,1090,1035,972,941,941,922,911,880,856,853,876,957,939,911,840,886,916,937,941,931,874,903,972,1072,1086,1084,1069,1061,1082,1073,1095,1070,1057,1064,1131,1236,1208,1155,1086,1119,1090,1121,1132,1134,1143,1142,1252,1263,1277,1165,1147,1176,1194,1208,1173,1197,1186,1172,1229,1333,1357,1259,1178,1199,1245,1267,1215,1231,1200,1168,1190,1254,1284,1219,1165,1178,1272,1287,1320,1270,1253,1250,1375,1533,
13,Delaware,45,785,781,756,732,694,669,687,681,651,616,571,609,614,649,629,641,693,697,731,707,780,763,723,658,660,705,751,832,787,707,578,550,581,595,659,685,702,702,684,669,651,638,648,631,712,807,935,1037,1093,1093,1043,985,972,968,940,936,940,987,1031,1059,1033,1038,1022,1017,1020,1033,1052,1024,985,1000,1026,1069,1064,1049,1007,991,988,990,1041,1043,947,878,765,850,864,904,833,869,969,1067,1080,1107,1018,1037,1016,1219,1214,1212,1127,1167,1133,1172,1155,1195,1179,1203,1275,1357,1400,1345,1335,1345,1369,1355,1310,1316,1323,1306,1354,1358,1402,1402,1373,1323,1305,1294,1273,1272,1287,1312,1258,1272,1292,1382,1389,1391,1347,1332,1366,1353,1325,1306,1345,1495,
52,South Dakota,46,311,318,282,274,267,250,263,255,267,278,284,306,287,292,278,287,293,288,295,301,353,406,392,360,304,317,313,328,290,255,229,234,269,312,349,369,340,344,320,317,293,318,356,394,418,448,474,479,489,502,529,510,515,499,535,583,658,773,814,854,755,740,683,664,672,693,754,739,743,818,850,886,783,725,658,641,649,635,640,618,546,486,387,387,363,383,363,378,392,403,383,394,407,476,479,546,525,541,506,515,519,519,520,512,521,537,599,641,693,681,691,681,688,665,637,579,582,609,631,671,670,714,677,658,656,679,674,670,684,693,712,709,704,678,656,666,718,743,756,727,758,842,868,896,700
3,Alaska,47,749,702,643,647,642,654,659,655,610,573,569,630,633,604,539,541,591,626,657,667,716,702,656,612,630,687,677,692,609,585,543,569,605,625,673,664,634,607,592,588,573,591,625,607,603,599,624,644,629,617,617,635,671,689,691,692,698,691,720,726,734,727,732,729,735,745,780,788,776,765,775,796,781,698,607,576,662,718,780,770,768,772,799,858,868,854,768,759,729,729,707,695,677,697,743,816,813,761,725,727,751,772,751,723,744,760,834,835,823,754,719,741,739,751,747,758,754,729,791,824,867,824,830,820,823,815,805,824,797,793,767,794,807,824,805,748,737,710,696,671,663,659,652,671,
37,North Dakota,48,646,640,581,568,587,588,578,557,517,489,466,525,541,542,474,450,456,515,653,693,705,604,554,564,592,655,649,686,623,566,492,510,538,546,597,610,624,579,497,470,447,520,547,570,568,604,706,879,910,867,744,715,691,681,650,672,675,727,776,852,836,788,724,713,735,744,754,749,756,765,789,842,835,778,705,728,761,766,758,748,748,703,722,722,799,766,733,632,604,602,668,687,673,667,685,813,786,768,648,652,655,676,681,682,670,718,757,802,788,729,721,744,751,749,704,702,692,688,730,744,766,751,743,749,736,719,670,662,652,647,687,754,784,707,624,614,696,743,756,725,693,610,508,394,
58,Vermont,49,448,429,356,314,269,269,292,320,321,295,272,268,285,296,285,291,304,332,348,357,376,375,383,408,424,445,424,488,462,469,435,484,530,543,581,620,631,618,588,587,575,553,510,458,427,462,537,634,660,683,672,691,684,666,636,655,651,704,702,802,776,789,720,730,726,750,772,765,747,730,735,808,804,813,732,739,740,733,753,758,755,755,718,791,811,890,842,848,823,852,842,829,815,823,872,1045,1059,1014,864,860,865,868,850,856,837,832,886,971,1014,951,884,870,893,898,876,890,903,912,941,997,990,951,881,888,910,920,908,897,891,890,873,912,868,884,845,898,897,885,904,785,616,420,348,353,
12,District of Columbia,50,558,498,454,450,468,496,502,483,440,411,406,408,413,421,426,458,493,547,598,594,615,623,649,602,591,624,630,623,533,573,559,595,567,529,552,563,598,571,559,544,530,530,548,523,495,474,514,549,568,557,551,553,584,607,604,582,585,588,656,691,720,714,697,722,741,764,750,734,724,729,743,770,776,759,725,737,762,746,738,742,762,774,738,764,757,794,780,773,787,782,794,765,762,781,781,820,799,823,815,835,803,799,815,799,799,744,813,808,863,817,830,813,816,810,800,817,831,830,824,828,816,805,806,795,791,766,754,755,754,761,778,765,771,765,797,801,791,756,769,763,779,768,816,891,819
62,Wyoming,51,537,529,482,499,497,492,472,453,412,380,387,408,428,395,392,402,457,461,474,457,491,476,449,430,452,474,471,456,407,361,337,372,416,454,495,491,476,456,447,458,437,453,432,456,465,480,480,512,529,521,498,490,503,513,483,486,490,541,560,564,558,542,537,530,538,540,561,545,552,541,570,570,561,544,531,530,528,525,539,557,557,559,553,570,573,576,560,565,559,549,543,527,520,511,528,555,537,523,500,517,514,531,536,550,547,549,589,617,640,591,599,618,628,628,599,634,657,689,743,745,759,712,700,716,747,771,744,729,718,695,722,764,779,735,694,728,782,794,785,777,786,779,800,811,
48,Puerto Rico,52,0,0,0,0,0,0,0,0,0,0,0,0,0,0,0,0,0,0,0,0,0,0,0,0,0,0,0,0,0,0,0,0,0,0,0,0,0,0,0,0,0,0,0,0,0,0,0,0,0,0,0,0,0,0,0,0,0,0,0,0,0,0,0,0,0,0,0,0,0,0,0,0,0,0,0,0,0,0,0,0,0,0,0,0,0,0,0,0,0,0,0,0,0,0,0,0,0,0,0,0,0,0,0,0,0,0,0,0,0,0,0,0,0,0,0,0,0,0,0,0,0,0,0,0,0,0,0,0,0,0,0,0,0,0,0,0,0,0,0,0,0,0,0,0,0
